{"count":1,"self":145.50563839999998,"total":146.4237111,"children":{"InitializeActuators":{"count":1,"self":0.0019963,"total":0.0019963,"children":null},"InitializeSensors":{"count":1,"self":0.001,"total":0.001,"children":null},"AgentSendState":{"count":7035,"self":0.020181599999999997,"total":0.052222199999999996,"children":{"CollectObservations":{"count":1407,"self":0.013011499999999999,"total":0.013011499999999999,"children":null},"WriteActionMask":{"count":1407,"self":0.0019847,"total":0.0019847,"children":null},"RequestDecision":{"count":1407,"self":0.017044399999999998,"total":0.017044399999999998,"children":null}}},"DecideAction":{"count":7035,"self":0.42686189999999996,"total":0.42686189999999996,"children":null},"AgentAct":{"count":7035,"self":0.43499119999999997,"total":0.43499119999999997,"children":null}},"gauges":{"BearBehavior.CumulativeReward":{"count":32,"max":129.759888,"min":-69.9401855,"runningAverage":105.976837,"value":116.259987,"weightedAverage":112.137581}},"metadata":{"timer_format_version":"0.1.0","start_time_seconds":"1737567485","unity_version":"6000.0.32f1","command_line_arguments":"C:\\Program Files\\Unity\\Hub\\Editor\\6000.0.32f1\\Editor\\Unity.exe -projectpath C:\\Unity\\ml-agents\\EcoAI -useHub -hubIPC -cloudEnvironment production","communication_protocol_version":"1.5.0","com.unity.ml-agents_version":"3.0.0","scene_name":"Bear_chase_deer","end_time_seconds":"1737567631"}}