{"count":1,"self":1002.7091968,"total":2255.7235564,"children":{"InitializeActuators":{"count":1,"self":0.0019996,"total":0.0019996,"children":null},"InitializeSensors":{"count":1,"self":0.001,"total":0.001,"children":null},"AgentSendState":{"count":620134,"self":1.6269605,"total":4.2933425,"children":{"CollectObservations":{"count":124027,"self":0.23062719999999998,"total":0.23062719999999998,"children":null},"WriteActionMask":{"count":124027,"self":0.1348982,"total":0.1348982,"children":null},"RequestDecision":{"count":124027,"self":0.54723349999999993,"total":2.3008566,"children":{"AgentInfo.ToProto":{"count":124027,"self":0.69376569999999993,"total":1.7536231,"children":{"GenerateSensorData":{"count":124027,"self":1.0598574,"total":1.0598574,"children":null}}}}}}},"DecideAction":{"count":620134,"self":1238.8978688,"total":1238.8979023,"children":null},"AgentAct":{"count":620134,"self":9.7614904,"total":9.7680106,"children":{"AgentInfo.ToProto":{"count":673,"self":0.0020001999999999997,"total":0.0065201,"children":{"GenerateSensorData":{"count":673,"self":0.0045198999999999994,"total":0.0045198999999999994,"children":null}}}}},"AgentInfo.ToProto":{"count":3424,"self":0.0260296,"total":0.0510927,"children":{"GenerateSensorData":{"count":3424,"self":0.025063099999999998,"total":0.025063099999999998,"children":null}}}},"gauges":{"BearBehavior.CumulativeReward":{"count":4097,"max":126.840775,"min":-35.7676964,"runningAverage":86.53588,"value":103.119171,"weightedAverage":103.263779}},"metadata":{"timer_format_version":"0.1.0","start_time_seconds":"1736796242","unity_version":"6000.0.32f1","command_line_arguments":"C:\\Program Files\\Unity\\Hub\\Editor\\6000.0.32f1\\Editor\\Unity.exe -projectpath C:\\Unity\\ml-agents\\EcoAI -useHub -hubIPC -cloudEnvironment production","communication_protocol_version":"1.5.0","com.unity.ml-agents_version":"3.0.0","scene_name":"SampleScene","end_time_seconds":"1736798498"}}