{
    "name": "root",
    "gauges": {
        "BearBehavior.Policy.Entropy.mean": {
            "value": 1.4353511333465576,
            "min": 1.4353511333465576,
            "max": 1.4353511333465576,
            "count": 1
        },
        "BearBehavior.Policy.Entropy.sum": {
            "value": 14357.8173828125,
            "min": 14357.8173828125,
            "max": 14357.8173828125,
            "count": 1
        },
        "BearBehavior.Step.mean": {
            "value": 9939.0,
            "min": 9939.0,
            "max": 9939.0,
            "count": 1
        },
        "BearBehavior.Step.sum": {
            "value": 9939.0,
            "min": 9939.0,
            "max": 9939.0,
            "count": 1
        },
        "BearBehavior.Policy.ExtrinsicValueEstimate.mean": {
            "value": 8.987919807434082,
            "min": 8.987919807434082,
            "max": 8.987919807434082,
            "count": 1
        },
        "BearBehavior.Policy.ExtrinsicValueEstimate.sum": {
            "value": 2291.91943359375,
            "min": 2291.91943359375,
            "max": 2291.91943359375,
            "count": 1
        },
        "BearBehavior.Environment.EpisodeLength.mean": {
            "value": 74.29545454545455,
            "min": 74.29545454545455,
            "max": 74.29545454545455,
            "count": 1
        },
        "BearBehavior.Environment.EpisodeLength.sum": {
            "value": 9807.0,
            "min": 9807.0,
            "max": 9807.0,
            "count": 1
        },
        "BearBehavior.Environment.CumulativeReward.mean": {
            "value": 0.06818181818181818,
            "min": 0.06818181818181818,
            "max": 0.06818181818181818,
            "count": 1
        },
        "BearBehavior.Environment.CumulativeReward.sum": {
            "value": 9.0,
            "min": 9.0,
            "max": 9.0,
            "count": 1
        },
        "BearBehavior.Policy.ExtrinsicReward.mean": {
            "value": 0.06818181818181818,
            "min": 0.06818181818181818,
            "max": 0.06818181818181818,
            "count": 1
        },
        "BearBehavior.Policy.ExtrinsicReward.sum": {
            "value": 9.0,
            "min": 9.0,
            "max": 9.0,
            "count": 1
        },
        "BearBehavior.Losses.PolicyLoss.mean": {
            "value": 0.24539916587329733,
            "min": 0.24539916587329733,
            "max": 0.24539916587329733,
            "count": 1
        },
        "BearBehavior.Losses.PolicyLoss.sum": {
            "value": 15.46014745001773,
            "min": 15.46014745001773,
            "max": 15.46014745001773,
            "count": 1
        },
        "BearBehavior.Losses.ValueLoss.mean": {
            "value": 5.229732863873525,
            "min": 5.229732863873525,
            "max": 5.229732863873525,
            "count": 1
        },
        "BearBehavior.Losses.ValueLoss.sum": {
            "value": 329.47317042403205,
            "min": 329.47317042403205,
            "max": 329.47317042403205,
            "count": 1
        },
        "BearBehavior.Policy.LearningRate.mean": {
            "value": 0.00029704879145992695,
            "min": 0.00029704879145992695,
            "max": 0.00029704879145992695,
            "count": 1
        },
        "BearBehavior.Policy.LearningRate.sum": {
            "value": 0.0187140738619754,
            "min": 0.0187140738619754,
            "max": 0.0187140738619754,
            "count": 1
        },
        "BearBehavior.Policy.Epsilon.mean": {
            "value": 0.19901626349206353,
            "min": 0.19901626349206353,
            "max": 0.19901626349206353,
            "count": 1
        },
        "BearBehavior.Policy.Epsilon.sum": {
            "value": 12.538024600000002,
            "min": 12.538024600000002,
            "max": 12.538024600000002,
            "count": 1
        },
        "BearBehavior.Policy.Beta.mean": {
            "value": 0.0005,
            "min": 0.0005,
            "max": 0.0005,
            "count": 1
        },
        "BearBehavior.Policy.Beta.sum": {
            "value": 0.0315,
            "min": 0.0315,
            "max": 0.0315,
            "count": 1
        },
        "BearBehavior.IsTraining.mean": {
            "value": 1.0,
            "min": 1.0,
            "max": 1.0,
            "count": 1
        },
        "BearBehavior.IsTraining.sum": {
            "value": 1.0,
            "min": 1.0,
            "max": 1.0,
            "count": 1
        }
    },
    "metadata": {
        "timer_format_version": "0.1.0",
        "start_time_seconds": "1736621726",
        "python_version": "3.10.12 | packaged by Anaconda, Inc. | (main, Jul  5 2023, 19:01:18) [MSC v.1916 64 bit (AMD64)]",
        "command_line_arguments": "C:\\Users\\joaol\\.conda\\envs\\mlagents\\Scripts\\mlagents-learn config/BearBehavior.yaml --run-id=TestBear --force",
        "mlagents_version": "1.1.0",
        "mlagents_envs_version": "1.1.0",
        "communication_protocol_version": "1.5.0",
        "pytorch_version": "2.2.2+cu121",
        "numpy_version": "1.23.5",
        "end_time_seconds": "1736621989"
    },
    "total": 263.0969685000018,
    "count": 1,
    "self": 0.008223400014685467,
    "children": {
        "run_training.setup": {
            "total": 0.10238099998969119,
            "count": 1,
            "self": 0.10238099998969119
        },
        "TrainerController.start_learning": {
            "total": 262.98636409999745,
            "count": 1,
            "self": 0.17782699955569115,
            "children": {
                "TrainerController._reset_env": {
                    "total": 22.363613699999405,
                    "count": 1,
                    "self": 22.363613699999405
                },
                "TrainerController.advance": {
                    "total": 240.2207981004467,
                    "count": 10182,
                    "self": 0.16314830046030693,
                    "children": {
                        "env_step": {
                            "total": 206.8871595007804,
                            "count": 10182,
                            "self": 164.21239800011972,
                            "children": {
                                "SubprocessEnvManager._take_step": {
                                    "total": 42.55262489985034,
                                    "count": 10182,
                                    "self": 0.4468886002723593,
                                    "children": {
                                        "TorchPolicy.evaluate": {
                                            "total": 42.105736299577984,
                                            "count": 10164,
                                            "self": 42.105736299577984
                                        }
                                    }
                                },
                                "workers": {
                                    "total": 0.12213660081033595,
                                    "count": 10181,
                                    "self": 0.0,
                                    "children": {
                                        "worker_root": {
                                            "total": 178.4073778991442,
                                            "count": 10181,
                                            "is_parallel": true,
                                            "self": 85.28877039943472,
                                            "children": {
                                                "steps_from_proto": {
                                                    "total": 0.0031276000081561506,
                                                    "count": 1,
                                                    "is_parallel": true,
                                                    "self": 0.0014059000095585361,